{
  "__type__": "cc.AnimationClip",
  "_name": "lose",
  "_duration": 0.8333333333333334,
  "sample": 30,
  "curveData": {
    "props": {
      "y": [
        {
          "frame": 0,
          "value": 122,
          "curve": [
            0.18,
            0.89,
            0.31,
            1.21
          ]
        },
        {
          "frame": 0.8333333333333334,
          "value": -30
        }
      ],
      "opacity": [
        {
          "frame": 0,
          "value": 0
        },
        {
          "frame": 0.8333333333333334,
          "value": 255
        }
      ]
    }
  }
}